{
  "YearsAtCompany": 1.0270893997271313,
  "OverTime": 0.8451203451705614,
  "YearsInCurrentRole": 0.7153790272792359,
  "YearsWithCurrManager": 0.7003242834911724,
  "NumCompaniesWorked": 0.515280409016991,
  "MaritalStatus": 0.44503728436718926,
  "EnvironmentSatisfaction": 0.4372350881211876,
  "JobSatisfaction": 0.4055161614110287,
  "MonthlyIncome": 0.3928539578480203,
  "YearsSinceLastPromotion": 0.3808905796517339,
  "Department": 0.3752500807722206,
  "JobInvolvement": 0.3433961489487082,
  "TotalWorkingYears": 0.3340849171802754,
  "PercentSalaryHike": 0.3259873934693816,
  "Gender": 0.31255256290886685,
  "RelationshipSatisfaction": 0.27618848138610413,
  "EducationField": 0.270154503053651,
  "DailyRate": 0.2567348213916917,
  "DistanceFromHome": 0.2550123701384256,
  "Age": 0.24819822767050467,
  "MonthlyRate": 0.1978829367182142,
  "PerformanceRating": 0.19459451859777097,
  "TrainingTimesLastYear": 0.1933180957003327,
  "JobLevel": 0.171981945459503,
  "WorkLifeBalance": 0.14058443996691566,
  "JobRole": 0.08977368854078896,
  "Education": 0.03815308819562458,
  "StockOptionLevel": 0.03545825094612818,
  "BusinessTravel": 0.017427163869293265,
  "HourlyRate": 0.0017599914556607596
}